Most_Search,category
brad pitt,Actor
johnny depp,Actor
star wars,Science Fiction
mindhunter,Crime
the walking dead,Horror
chris evans,Actor
the big bang theory,Comedy
leonardo dicaprio,Actor
star wars,Science Fiction
tom cruise,Actor
meryl streep,Actor
dwayne johnson,Actor
leonardo dicaprio,Actor
the big bang theory,Comedy
leonardo dicaprio,Actor
tom cruise,Actor
chris hemsworth,Actor
keanu reeves,Actor
westworld,Science Fiction
jennifer aniston,Actor
the lion king,Animation
the crown,Drama
the social network,Drama
kate winslet,Actor
peaky blinders,Crime
toy story,Animation
breaking bad,Crime
the boys,Action
the crown,Drama
spider-man,Action
hugh jackman,Actor
the boys,Action
toy story,Animation
pulp fiction,Crime
the godfather,Crime
narcos,Crime
chris evans,Actor
stranger things,Science Fiction
emma stone,Actor
black mirror,Science Fiction
fight club,Drama
breaking bad,Crime
guardians of the galaxy,Science Fiction
tom cruise,Actor
spider-man,Action
star wars,Science Fiction
fight club,Drama
kate winslet,Actor
scarlett johansson,Actor
stranger things,Science Fiction
game of thrones,Fantasy
the matrix,Science Fiction
the office,Comedy
pirates of the caribbean,Adventure
ryan gosling,Actor
black mirror,Science Fiction
samuel l. jackson,Actor
toy story,Animation
sherlock,Crime
better call saul,Crime
mindhunter,Crime
anne hathaway,Actor
pulp fiction,Crime
pirates of the caribbean,Adventure
fight club,Drama
titanic,Romance
goodfellas,Crime
chris evans,Actor
natalie portman,Actor
mindhunter,Crime
the social network,Drama
forrest gump,Drama
emma stone,Actor
tom hanks,Actor
the mandalorian,Science Fiction
will smith,Actor
tom cruise,Actor
margot robbie,Actor
goodfellas,Crime
mad max,Action
breaking bad,Crime
rick and morty,Animation
jurassic park,Science Fiction
tom hanks,Actor
margot robbie,Actor
house of cards,Drama
peaky blinders,Crime
the mandalorian,Science Fiction
mad max,Action
stranger things,Science Fiction
margot robbie,Actor
shawshank redemption,Drama
